step,epoch,split,loss
0,0,train_sample,9.658424109220505
0,0,val,9.63358143915104
50,1,train,7.9652205657958985
100,1,train,6.301431427001953
150,1,train,6.028164229393005
200,1,train,6.14302767753601
250,1,train,5.54249668598175
300,1,train,5.631610436439514
350,1,train,5.42911157131195
400,1,train,5.166673984527588
450,1,train,5.202245216369629
500,1,train,4.852342324256897
550,1,train,5.3066615295410156
600,1,train,5.0783108043670655
650,1,train,4.720713992118835
700,1,train,5.0166463804245
720,1,val,4.907893527912188
750,2,train,4.572102816899617
800,2,train,4.728644289970398
850,2,train,4.555048651695252
900,2,train,4.71347873210907
950,2,train,4.70626612663269
1000,2,train,4.391289200782776
1050,2,train,4.690931673049927
1100,2,train,4.5442654371261595
1150,2,train,4.137350025177002
1200,2,train,4.189985752105713
1250,2,train,4.242011315822602
1300,2,train,4.244596066474915
1350,2,train,4.149490246772766
1400,2,train,3.9431148743629456
1440,2,val,4.437110132808927
1450,3,train,3.985428500175476
1500,3,train,3.8823617100715637
1550,3,train,4.130005161762238
1600,3,train,3.940556888580322
1650,3,train,3.951239199638367
1700,3,train,4.099282050132752
1750,3,train,4.310221915245056
1800,3,train,3.776976988315582
1850,3,train,3.816571824550629
1900,3,train,4.104519793987274
1950,3,train,3.673192706108093
2000,3,train,3.9683021068573
2050,3,train,3.3745130062103272
2100,3,train,3.667552173137665
2150,3,train,4.178457386493683
2160,3,val,4.176391177539584
