method,dataset,sample_id,loss,perplexity,latency,depth,layer_reduction,configuration,attention_mode,ffn_mode,confidence,rollback,executed_depth,relative_flops,active_parameters,sequence_length,proposed_configuration,fallback_applied,stability_status,volatility,stability_score,answer_loss,correct,question,variant,latency_seconds
static,short_qa,0,3.8153111934661865,45.390879530452004,0.030824800007394515,12,0.0,deep,full,full,,False,12,1.0,85054464,13,deep,False,,,,4.884260654449463,False,What is the capital of France?,static,0.030824800007394515
static,short_qa,1,3.775663375854492,43.62643944510153,0.024970300000859424,12,0.0,deep,full,full,,False,12,1.0,85054464,13,deep,False,,,,5.4821882247924805,False,What is the capital of Japan?,static,0.024970300000859424
static,short_qa,2,3.9276249408721924,50.78621405434998,0.02427460000035353,12,0.0,deep,full,full,,False,12,1.0,85054464,13,deep,False,,,,5.2399492263793945,False,What is the capital of Italy?,static,0.02427460000035353
static,short_qa,3,3.809549331665039,45.130095577594425,0.02537040000606794,12,0.0,deep,full,full,,False,12,1.0,85054464,13,deep,False,,,,5.135553359985352,False,What is the capital of Egypt?,static,0.02537040000606794
static,short_qa,4,3.916550397872925,50.226882828500756,0.020194600001559593,12,0.0,deep,full,full,,False,12,1.0,85054464,13,deep,False,,,,5.207631587982178,False,What is the capital of Canada?,static,0.020194600001559593
static,short_qa,5,3.813720703125,45.318743156290736,0.022265999999945052,12,0.0,deep,full,full,,False,12,1.0,85054464,13,deep,False,,,,4.738103866577148,False,What is the capital of Spain?,static,0.022265999999945052
static,short_qa,6,3.712308168411255,40.948212903690035,0.023816500004613772,12,0.0,deep,full,full,,False,12,1.0,85054464,13,deep,False,,,,4.23508358001709,False,What is the capital of Russia?,static,0.023816500004613772
static,short_qa,7,3.7477824687957764,42.4268946441874,0.024738399995840155,12,0.0,deep,full,full,,False,12,1.0,85054464,13,deep,False,,,,5.019678592681885,False,What is the capital of Germany?,static,0.024738399995840155
static,short_qa,8,3.802137613296509,44.79684054103901,0.026717499989899807,12,0.0,deep,full,full,,False,12,1.0,85054464,13,deep,False,,,,5.373035430908203,False,What is the capital of China?,static,0.026717499989899807
static,short_qa,9,3.4475743770599365,31.424076828250694,0.02249439999286551,12,0.0,deep,full,full,,False,12,1.0,85054464,15,deep,False,,,,1.8096026182174683,False,What is the capital of Kenya?,static,0.02249439999286551
static,short_qa,10,2.8705739974975586,17.64714471016618,0.020959900008165278,12,0.0,deep,full,full,,False,12,1.0,85054464,16,deep,False,,,,3.720625877380371,False,What is the largest planet in the solar system?,static,0.020959900008165278
static,short_qa,11,3.4268033504486084,30.77809853306078,0.027572200007853098,12,0.0,deep,full,full,,False,12,1.0,85054464,15,deep,False,,,,5.525097370147705,False,What is the closest planet to the Sun?,static,0.027572200007853098
static,short_qa,12,3.357172727584839,28.70791094841054,0.021300499996868894,12,0.0,deep,full,full,,False,12,1.0,85054464,15,deep,False,,,,2.9955220222473145,False,Which planet is known as the Red Planet?,static,0.021300499996868894
static,short_qa,13,4.066920757293701,58.3769288180235,0.020489000002271496,12,0.0,deep,full,full,,False,12,1.0,85054464,14,deep,False,,,,4.196834564208984,True,What is the chemical symbol for oxygen?,static,0.020489000002271496
static,short_qa,14,4.347254753112793,77.26605710269888,0.024159499997040257,12,0.0,deep,full,full,,False,12,1.0,85054464,14,deep,False,,,,9.003032684326172,False,What is the chemical symbol for gold?,static,0.024159499997040257
static,short_qa,15,4.258303642272949,70.68996621655629,0.022951799997827038,12,0.0,deep,full,full,,False,12,1.0,85054464,14,deep,False,,,,6.425464153289795,False,What is the chemical symbol for iron?,static,0.022951799997827038
static,short_qa,16,4.450681686401367,85.68533462530321,0.026038900003186427,12,0.0,deep,full,full,,False,12,1.0,85054464,15,deep,False,,,,5.559035301208496,False,What gas do plants absorb from the air?,static,0.026038900003186427
static,short_qa,17,3.8027069568634033,44.82235259589126,0.02209460000449326,12,0.0,deep,full,full,,False,12,1.0,85054464,16,deep,False,,,,6.575007438659668,False,What is the freezing point of water in Celsius?,static,0.02209460000449326
static,short_qa,18,3.596980094909668,36.48787796609788,0.022293300004093908,12,0.0,deep,full,full,,False,12,1.0,85054464,16,deep,False,,,,6.801308631896973,False,What is the boiling point of water in Celsius?,static,0.022293300004093908
static,short_qa,19,3.3012402057647705,27.146285031483114,0.0210808999981964,12,0.0,deep,full,full,,False,12,1.0,85054464,14,deep,False,,,,4.787146091461182,False,How many days are in a week?,static,0.0210808999981964
static,short_qa,20,3.4135336875915527,30.372381360532675,0.022506200009956956,12,0.0,deep,full,full,,False,12,1.0,85054464,14,deep,False,,,,5.014179706573486,False,How many months are in a year?,static,0.022506200009956956
static,short_qa,21,3.228451728820801,25.240547490508007,0.02124609999009408,12,0.0,deep,full,full,,False,12,1.0,85054464,14,deep,False,,,,5.2357177734375,False,How many hours are in a day?,static,0.02124609999009408
static,short_qa,22,3.95865797996521,52.38697438386756,0.022183099994435906,12,0.0,deep,full,full,,False,12,1.0,85054464,12,deep,False,,,,6.037533760070801,False,How many continents are there?,static,0.022183099994435906
static,short_qa,23,3.6979317665100098,40.36373633948864,0.020283000005292706,12,0.0,deep,full,full,,False,12,1.0,85054464,14,deep,False,,,,5.625575065612793,False,How many legs does a spider have?,static,0.020283000005292706
static,short_qa,24,4.009079456329346,55.096128819389115,0.02080779999960214,12,0.0,deep,full,full,,False,12,1.0,85054464,14,deep,False,,,,4.7510480880737305,False,How many sides does a triangle have?,static,0.02080779999960214
static,short_qa,25,3.984055757522583,53.73452709267635,0.0234346000070218,12,0.0,deep,full,full,,False,12,1.0,85054464,15,deep,False,,,,5.111665725708008,False,How many sides does a hexagon have?,static,0.0234346000070218
static,short_qa,26,4.056255340576172,57.75762299338689,0.021626599991577677,12,0.0,deep,full,full,,False,12,1.0,85054464,18,deep,False,,,,5.603005409240723,False,How many players are on a soccer team on the field?,static,0.021626599991577677
static,short_qa,27,3.9844789505004883,53.7572719796118,0.023631199990632012,12,0.0,deep,full,full,,False,12,1.0,85054464,12,deep,False,,,,5.013151168823242,False,What is 2 plus 2?,static,0.023631199990632012
static,short_qa,28,4.518373966217041,91.68639153360077,0.02141950000077486,12,0.0,deep,full,full,,False,12,1.0,85054464,12,deep,False,,,,8.026026725769043,False,What is 5 times 6?,static,0.02141950000077486
static,short_qa,29,4.191492557525635,66.12140735093166,0.02408290001039859,12,0.0,deep,full,full,,False,12,1.0,85054464,13,deep,False,,,,7.074307441711426,False,What is 100 divided by 4?,static,0.02408290001039859
static,short_qa,30,3.739806652069092,42.08985139253587,0.022194100005435757,12,0.0,deep,full,full,,False,12,1.0,85054464,14,deep,False,,,,7.075189590454102,False,What is the square root of 81?,static,0.022194100005435757
static,short_qa,31,5.38632869720459,218.40009900813308,0.021348399997805245,12,0.0,deep,full,full,,False,12,1.0,85054464,11,deep,False,,,,10.650398254394531,False,What is 7 squared?,static,0.021348399997805245
static,short_qa,32,4.017505645751953,55.562340673527856,0.021004300011554733,12,0.0,deep,full,full,,False,12,1.0,85054464,14,deep,False,,,,5.78031063079834,False,Who wrote the play Romeo and Juliet?,static,0.021004300011554733
static,short_qa,33,3.5019757747650146,33.18094531175603,0.022158499996294267,12,0.0,deep,full,full,,False,12,1.0,85054464,13,deep,False,,,,1.865394115447998,True,Who developed the theory of relativity?,static,0.022158499996294267
static,short_qa,34,2.9909424781799316,19.904433148060416,0.022501400002511218,12,0.0,deep,full,full,,False,12,1.0,85054464,17,deep,False,,,,8.760619163513184,False,Who was the first person to walk on the Moon?,static,0.022501400002511218
static,short_qa,35,4.029021263122559,56.20587355663399,0.027525600002263673,12,0.0,deep,full,full,,False,12,1.0,85054464,13,deep,False,,,,6.7418107986450195,False,Who painted the Mona Lisa?,static,0.027525600002263673
static,short_qa,36,3.816342830657959,45.437730612447005,0.02906760000041686,12,0.0,deep,full,full,,False,12,1.0,85054464,14,deep,False,,,,7.607057571411133,False,What is the largest ocean on Earth?,static,0.02906760000041686
static,short_qa,37,3.8228507041931152,45.734397906566016,0.024415000007138588,12,0.0,deep,full,full,,False,12,1.0,85054464,14,deep,False,,,,5.560550689697266,True,What is the longest river in Africa?,static,0.024415000007138588
static,short_qa,38,3.0583536624908447,21.292473692232804,0.022529299996676855,12,0.0,deep,full,full,,False,12,1.0,85054464,15,deep,False,,,,4.579861164093018,False,What is the tallest mountain in the world?,static,0.022529299996676855
static,short_qa,39,3.4146180152893066,30.405332836759218,0.02410769999551121,12,0.0,deep,full,full,,False,12,1.0,85054464,15,deep,False,,,,7.256793975830078,False,What is the largest desert in the world?,static,0.02410769999551121
static,short_qa,40,4.23588752746582,69.12300007839347,0.020195500008412637,12,0.0,deep,full,full,,False,12,1.0,85054464,14,deep,False,,,,4.033200263977051,False,What language is primarily spoken in Brazil?,static,0.020195500008412637
static,short_qa,41,4.306650638580322,74.1915779178095,0.021621299994876608,12,0.0,deep,full,full,,False,12,1.0,85054464,14,deep,False,,,,3.979773759841919,False,What language is primarily spoken in Austria?,static,0.021621299994876608
static,short_qa,42,3.9229342937469482,50.54855167632623,0.023397500001010485,12,0.0,deep,full,full,,False,12,1.0,85054464,13,deep,False,,,,3.8320600986480713,True,What currency is used in Japan?,static,0.023397500001010485
static,short_qa,43,3.8720145225524902,48.03906444647741,0.022577700001420453,12,0.0,deep,full,full,,False,12,1.0,85054464,15,deep,False,,,,4.733711242675781,True,What currency is used in the United Kingdom?,static,0.022577700001420453
static,short_qa,44,3.529487371444702,34.10647917745413,0.021242699993308634,12,0.0,deep,full,full,,False,12,1.0,85054464,14,deep,False,,,,3.5526986122131348,False,What is the currency of India?,static,0.021242699993308634
static,short_qa,45,3.297776460647583,27.052419875589052,0.024101400005747564,12,0.0,deep,full,full,,False,12,1.0,85054464,16,deep,False,,,,3.7831573486328125,False,In which country is the Eiffel Tower?,static,0.024101400005747564
static,short_qa,46,3.8694560527801514,47.916315044474366,0.022942900002817623,12,0.0,deep,full,full,,False,12,1.0,85054464,14,deep,False,,,,4.0920090675354,True,In which country is the Great Wall?,static,0.022942900002817623
static,short_qa,47,3.458737850189209,31.776844055695168,0.02311819999886211,12,0.0,deep,full,full,,False,12,1.0,85054464,15,deep,False,,,,3.3678627014160156,False,In which country is the Taj Mahal?,static,0.02311819999886211
static,short_qa,48,3.8089685440063477,45.103892185087446,0.020926500001223758,12,0.0,deep,full,full,,False,12,1.0,85054464,16,deep,False,,,,4.277001857757568,True,What colour is the sky on a clear day?,static,0.020926500001223758
static,short_qa,49,3.935123920440674,51.16849038567208,0.023819399997591972,12,0.0,deep,full,full,,False,12,1.0,85054464,17,deep,False,,,,6.151067733764648,False,What colour do you get by mixing red and white?,static,0.023819399997591972
static,short_qa,50,4.004251480102539,54.830767114711506,0.020492399999056943,12,0.0,deep,full,full,,False,12,1.0,85054464,13,deep,False,,,,5.391092300415039,False,What is the opposite of hot?,static,0.020492399999056943
static,short_qa,51,4.339428901672363,76.66374429768992,0.020221299986587837,12,0.0,deep,full,full,,False,12,1.0,85054464,13,deep,False,,,,5.587540626525879,False,What is the opposite of ancient?,static,0.020221299986587837
static,short_qa,52,3.1230080127716064,22.714602798993674,0.023354299992206506,12,0.0,deep,full,full,,False,12,1.0,85054464,15,deep,False,,,,2.499600648880005,False,What is the first month of the year?,static,0.023354299992206506
static,short_qa,53,3.1968913078308105,24.456384530636157,0.021568700001807883,12,0.0,deep,full,full,,False,12,1.0,85054464,15,deep,False,,,,3.4692652225494385,False,What is the last month of the year?,static,0.021568700001807883
static,short_qa,54,5.056184768676758,156.99041753501047,0.019746699996176176,12,0.0,deep,full,full,,False,12,1.0,85054464,12,deep,False,,,,4.674829006195068,False,What season comes after winter?,static,0.019746699996176176
static,short_qa,55,5.143603801727295,171.33210401083795,0.020412099998793565,12,0.0,deep,full,full,,False,12,1.0,85054464,14,deep,False,,,,5.855125427246094,False,What organ pumps blood around the body?,static,0.020412099998793565
static,short_qa,56,4.293377876281738,73.21335694750536,0.022136700004921295,12,0.0,deep,full,full,,False,12,1.0,85054464,14,deep,False,,,,3.636991024017334,False,What organ is used for breathing?,static,0.022136700004921295
static,short_qa,57,4.73278284072876,113.6112849530611,0.0204544000007445,12,0.0,deep,full,full,,False,12,1.0,85054464,13,deep,False,,,,7.810631275177002,False,What is the hardest natural substance?,static,0.0204544000007445
static,short_qa,58,4.373003959655762,79.28143257352883,0.02168570000503678,12,0.0,deep,full,full,,False,12,1.0,85054464,11,deep,False,,,,3.484372615814209,True,What do bees produce?,static,0.02168570000503678
static,short_qa,59,4.773146629333496,118.29087449468783,0.022128800002974458,12,0.0,deep,full,full,,False,12,1.0,85054464,16,deep,False,,,,4.868103981018066,False,What is the young of a cat called?,static,0.022128800002974458
depth_adaptive,short_qa,0,6.196221828460693,490.8908631580639,0.01578430000517983,8,0.33333333333333337,medium,full,full,0.7011370464520456,False,8,0.6666666666666666,56702976,13,medium,False,,,,21.623825073242188,False,What is the capital of France?,depth_adaptive,0.01578430000517983
depth_adaptive,short_qa,1,6.218240261077881,501.8193834760032,0.016593699998338707,8,0.33333333333333337,medium,full,full,0.7011370464520456,False,8,0.6666666666666666,56702976,13,medium,False,,,,19.775514602661133,False,What is the capital of Japan?,depth_adaptive,0.016593699998338707
depth_adaptive,short_qa,2,5.8914475440979,361.9288132828052,0.01960319999489002,8,0.33333333333333337,medium,full,full,0.7011370464520456,False,8,0.6666666666666666,56702976,13,medium,False,,,,17.820035934448242,False,What is the capital of Italy?,depth_adaptive,0.01960319999489002
depth_adaptive,short_qa,3,6.2242913246154785,504.8651301597432,0.01536429999396205,8,0.33333333333333337,medium,full,full,0.7011370464520456,False,8,0.6666666666666666,56702976,13,medium,False,,,,20.232410430908203,False,What is the capital of Egypt?,depth_adaptive,0.01536429999396205
depth_adaptive,short_qa,4,6.082901477813721,438.2990665924738,0.0157556000049226,8,0.33333333333333337,medium,full,full,0.7011370464520456,False,8,0.6666666666666666,56702976,13,medium,False,,,,22.694795608520508,False,What is the capital of Canada?,depth_adaptive,0.0157556000049226
depth_adaptive,short_qa,5,6.0337042808532715,417.25781028849866,0.0166830999951344,8,0.33333333333333337,medium,full,full,0.7011370464520456,False,8,0.6666666666666666,56702976,13,medium,False,,,,18.870441436767578,False,What is the capital of Spain?,depth_adaptive,0.0166830999951344
depth_adaptive,short_qa,6,6.08888578414917,440.92984631829296,0.01843719999305904,8,0.33333333333333337,medium,full,full,0.7011370464520456,False,8,0.6666666666666666,56702976,13,medium,False,,,,19.59562873840332,False,What is the capital of Russia?,depth_adaptive,0.01843719999305904
depth_adaptive,short_qa,7,6.060016632080078,428.3825616931065,0.01815030000580009,8,0.33333333333333337,medium,full,full,0.7011370464520456,False,8,0.6666666666666666,56702976,13,medium,False,,,,20.35584831237793,False,What is the capital of Germany?,depth_adaptive,0.01815030000580009
depth_adaptive,short_qa,8,6.076718807220459,435.5975676868071,0.01613089999591466,8,0.33333333333333337,medium,full,full,0.7011370464520456,False,8,0.6666666666666666,56702976,13,medium,False,,,,20.161773681640625,False,What is the capital of China?,depth_adaptive,0.01613089999591466
depth_adaptive,short_qa,9,5.681847095489502,293.4910355378714,0.016215700001339428,8,0.33333333333333337,medium,full,full,0.7011370464520456,False,8,0.6666666666666666,56702976,15,medium,False,,,,6.964771747589111,False,What is the capital of Kenya?,depth_adaptive,0.016215700001339428
depth_adaptive,short_qa,10,4.575662136077881,97.09230617662672,0.01652079999621492,8,0.33333333333333337,medium,full,full,0.7095196152280409,False,8,0.6666666666666666,56702976,16,medium,False,,,,11.129070281982422,False,What is the largest planet in the solar system?,depth_adaptive,0.01652079999621492
depth_adaptive,short_qa,11,5.238168239593506,188.3248203157658,0.017458000002079643,8,0.33333333333333337,medium,full,full,0.7067797319011154,False,8,0.6666666666666666,56702976,15,medium,False,,,,15.875112533569336,False,What is the closest planet to the Sun?,depth_adaptive,0.017458000002079643
depth_adaptive,short_qa,12,6.25960636138916,523.0130214626752,0.017543299996759742,8,0.33333333333333337,medium,full,full,0.7067797319011154,False,8,0.6666666666666666,56702976,15,medium,False,,,,17.716642379760742,False,Which planet is known as the Red Planet?,depth_adaptive,0.017543299996759742
depth_adaptive,short_qa,13,6.5322442054748535,686.9381131921028,0.016436899997643195,8,0.33333333333333337,medium,full,full,0.7039857207770905,False,8,0.6666666666666666,56702976,14,medium,False,,,,11.592257499694824,True,What is the chemical symbol for oxygen?,depth_adaptive,0.016436899997643195
depth_adaptive,short_qa,14,6.775200843811035,875.8552554778254,0.01609380000445526,8,0.33333333333333337,medium,full,full,0.7039857207770905,False,8,0.6666666666666666,56702976,14,medium,False,,,,20.392637252807617,False,What is the chemical symbol for gold?,depth_adaptive,0.01609380000445526
depth_adaptive,short_qa,15,7.052154064178467,1155.3447510534759,0.01527459999488201,8,0.33333333333333337,medium,full,full,0.7039857207770905,False,8,0.6666666666666666,56702976,14,medium,False,,,,16.388643264770508,False,What is the chemical symbol for iron?,depth_adaptive,0.01527459999488201
depth_adaptive,short_qa,16,6.862976551055908,956.2090407836058,0.017024699991452508,8,0.33333333333333337,medium,full,full,0.8230328409537006,False,8,0.6666666666666666,56702976,15,medium,False,,,,12.910820960998535,False,What gas do plants absorb from the air?,depth_adaptive,0.017024699991452508
depth_adaptive,short_qa,17,6.039078235626221,419.5061707724887,0.018842299992684275,8,0.33333333333333337,medium,full,full,0.7095196152280409,False,8,0.6666666666666666,56702976,16,medium,False,,,,13.507411003112793,False,What is the freezing point of water in Celsius?,depth_adaptive,0.018842299992684275
depth_adaptive,short_qa,18,5.476884841918945,239.10070951946344,0.021001199987949803,8,0.33333333333333337,medium,full,full,0.7095196152280409,False,8,0.6666666666666666,56702976,16,medium,False,,,,12.00931453704834,False,What is the boiling point of water in Celsius?,depth_adaptive,0.021001199987949803
depth_adaptive,short_qa,19,4.405096054077148,81.86700612523367,0.01671189999615308,8,0.33333333333333337,medium,full,full,0.5440867421577419,False,8,0.6666666666666666,56702976,14,medium,False,,,,9.315535545349121,False,How many days are in a week?,depth_adaptive,0.01671189999615308
depth_adaptive,short_qa,20,5.161905765533447,174.49668870039136,0.01860619999933988,8,0.33333333333333337,medium,full,full,0.5440867421577419,False,8,0.6666666666666666,56702976,14,medium,False,,,,8.818711280822754,False,How many months are in a year?,depth_adaptive,0.01860619999933988
depth_adaptive,short_qa,21,4.388708114624023,80.53630806664685,0.019331399991642684,8,0.33333333333333337,medium,full,full,0.5440867421577419,False,8,0.6666666666666666,56702976,14,medium,False,,,,11.57248306274414,False,How many hours are in a day?,depth_adaptive,0.019331399991642684
depth_adaptive,short_qa,22,5.129706859588623,168.96757955859465,0.017334000003756955,8,0.33333333333333337,medium,full,full,0.5341666205181964,False,8,0.6666666666666666,56702976,12,medium,False,,,,11.64169692993164,False,How many continents are there?,depth_adaptive,0.017334000003756955
depth_adaptive,short_qa,23,5.879031658172607,357.46292775608237,0.01606579999497626,8,0.33333333333333337,medium,full,full,0.5440867421577419,False,8,0.6666666666666666,56702976,14,medium,False,,,,11.561415672302246,False,How many legs does a spider have?,depth_adaptive,0.01606579999497626
depth_adaptive,short_qa,24,6.004050254821777,405.0660964175865,0.015433099993970245,8,0.33333333333333337,medium,full,full,0.5440867421577419,False,8,0.6666666666666666,56702976,14,medium,False,,,,10.886232376098633,False,How many sides does a triangle have?,depth_adaptive,0.015433099993970245
depth_adaptive,short_qa,25,6.261750221252441,524.1354908659948,0.015510700002778322,8,0.33333333333333337,medium,full,full,0.5440867421577419,False,8,0.6666666666666666,56702976,15,medium,False,,,,11.793194770812988,False,How many sides does a hexagon have?,depth_adaptive,0.015510700002778322
depth_adaptive,short_qa,26,5.777772426605225,323.0387957222716,0.015875099998083897,8,0.33333333333333337,medium,full,full,0.5627790248888356,False,8,0.6666666666666666,56702976,18,medium,False,,,,10.672796249389648,False,How many players are on a soccer team on the field?,depth_adaptive,0.015875099998083897
depth_adaptive,short_qa,27,8.58526611328125,5352.216821796345,0.009932399989338592,4,0.6666666666666667,shallow,full,full,0.5698061885339285,False,4,0.3333333333333333,28351488,12,shallow,False,,,,9.119742393493652,False,What is 2 plus 2?,depth_adaptive,0.009932399989338592
depth_adaptive,short_qa,28,7.607961654663086,2014.1683399434855,0.009568800000124611,4,0.6666666666666667,shallow,full,full,0.5698061885339285,False,4,0.3333333333333333,28351488,12,shallow,False,,,,8.110210418701172,False,What is 5 times 6?,depth_adaptive,0.009568800000124611
depth_adaptive,short_qa,29,7.681005001068115,2166.796310558917,0.012510200001997873,4,0.6666666666666667,shallow,full,full,0.8266965061437526,False,4,0.3333333333333333,28351488,13,shallow,False,,,,8.717949867248535,False,What is 100 divided by 4?,depth_adaptive,0.012510200001997873
depth_adaptive,short_qa,30,5.31929349899292,204.23953557095945,0.017232199999853037,8,0.33333333333333337,medium,full,full,0.5561725490132504,False,8,0.6666666666666666,56702976,14,medium,False,,,,14.82314682006836,False,What is the square root of 81?,depth_adaptive,0.017232199999853037
depth_adaptive,short_qa,31,8.763653755187988,6397.443620066433,0.009887199994409457,4,0.6666666666666667,shallow,full,full,0.5813507912075115,False,4,0.3333333333333333,28351488,11,shallow,False,,,,7.8409013748168945,False,What is 7 squared?,depth_adaptive,0.009887199994409457
depth_adaptive,short_qa,32,6.249661445617676,517.8374788401745,0.01743910000368487,8,0.33333333333333337,medium,full,full,0.7039857207770905,False,8,0.6666666666666666,56702976,14,medium,False,,,,13.346199989318848,False,Who wrote the play Romeo and Juliet?,depth_adaptive,0.01743910000368487
depth_adaptive,short_qa,33,5.391242980957031,219.4760205928939,0.018154399993363768,8,0.33333333333333337,medium,full,full,0.7011370464520456,False,8,0.6666666666666666,56702976,13,medium,False,,,,14.161483764648438,False,Who developed the theory of relativity?,depth_adaptive,0.018154399993363768
depth_adaptive,short_qa,34,4.737931251525879,114.1977108044576,0.018165500005125068,8,0.33333333333333337,medium,full,full,0.7419083093084068,False,8,0.6666666666666666,56702976,17,medium,False,,,,20.14840316772461,False,Who was the first person to walk on the Moon?,depth_adaptive,0.018165500005125068
depth_adaptive,short_qa,35,6.132169723510742,460.43409234584857,0.015947699997923337,8,0.33333333333333337,medium,full,full,0.6982331940972664,False,8,0.6666666666666666,56702976,13,medium,False,,,,12.920144081115723,False,Who painted the Mona Lisa?,depth_adaptive,0.015947699997923337
depth_adaptive,short_qa,36,5.542572021484375,255.33387985242166,0.018708200004766695,8,0.33333333333333337,medium,full,full,0.7039857207770905,False,8,0.6666666666666666,56702976,14,medium,False,,,,19.824254989624023,False,What is the largest ocean on Earth?,depth_adaptive,0.018708200004766695
depth_adaptive,short_qa,37,5.432893753051758,228.81040916012412,0.01586509999469854,8,0.33333333333333337,medium,full,full,0.7039857207770905,False,8,0.6666666666666666,56702976,14,medium,False,,,,18.522523880004883,False,What is the longest river in Africa?,depth_adaptive,0.01586509999469854
depth_adaptive,short_qa,38,4.218491077423096,67.93090444097774,0.017182499999762513,8,0.33333333333333337,medium,full,full,0.7067797319011154,False,8,0.6666666666666666,56702976,15,medium,False,,,,15.346129417419434,False,What is the tallest mountain in the world?,depth_adaptive,0.017182499999762513
depth_adaptive,short_qa,39,4.9239630699157715,137.54664142009474,0.018408000003546476,8,0.33333333333333337,medium,full,full,0.7067797319011154,False,8,0.6666666666666666,56702976,15,medium,False,,,,17.27243995666504,False,What is the largest desert in the world?,depth_adaptive,0.018408000003546476
depth_adaptive,short_qa,40,6.302401542663574,545.8812944433186,0.020225400003255345,8,0.33333333333333337,medium,full,full,0.8223014197185884,False,8,0.6666666666666666,56702976,14,medium,False,,,,18.178558349609375,False,What language is primarily spoken in Brazil?,depth_adaptive,0.020225400003255345
depth_adaptive,short_qa,41,6.321590900421143,556.4575571997177,0.05316250000032596,8,0.33333333333333337,medium,full,full,0.8223014197185884,False,8,0.6666666666666666,56702976,14,medium,False,,,,15.967897415161133,False,What language is primarily spoken in Austria?,depth_adaptive,0.05316250000032596
depth_adaptive,short_qa,42,5.655001163482666,285.7168151528814,0.05078759999014437,8,0.33333333333333337,medium,full,full,0.8215540695344039,False,8,0.6666666666666666,56702976,13,medium,False,,,,13.490099906921387,False,What currency is used in Japan?,depth_adaptive,0.05078759999014437
depth_adaptive,short_qa,43,4.960556983947754,142.6732404749765,0.05243049999990035,8,0.33333333333333337,medium,full,full,0.8230328409537006,False,8,0.6666666666666666,56702976,15,medium,False,,,,16.329988479614258,False,What currency is used in the United Kingdom?,depth_adaptive,0.05243049999990035
depth_adaptive,short_qa,44,5.349747180938721,210.55505880471856,0.05440350000571925,8,0.33333333333333337,medium,full,full,0.7011370464520456,False,8,0.6666666666666666,56702976,14,medium,False,,,,7.690478324890137,False,What is the currency of India?,depth_adaptive,0.05440350000571925
depth_adaptive,short_qa,45,6.773972034454346,874.7796573326647,0.056221099992399104,8,0.33333333333333337,medium,full,full,0.7039857207770905,False,8,0.6666666666666666,56702976,16,medium,False,,,,16.33384132385254,False,In which country is the Eiffel Tower?,depth_adaptive,0.056221099992399104
depth_adaptive,short_qa,46,7.1461381912231445,1269.1950901271978,0.048687700007576495,8,0.33333333333333337,medium,full,full,0.7039857207770905,False,8,0.6666666666666666,56702976,14,medium,False,,,,15.48669719696045,False,In which country is the Great Wall?,depth_adaptive,0.048687700007576495
depth_adaptive,short_qa,47,7.399970054626465,1635.9354405645797,0.05171070000506006,8,0.33333333333333337,medium,full,full,0.7039857207770905,False,8,0.6666666666666666,56702976,15,medium,False,,,,15.304851531982422,False,In which country is the Taj Mahal?,depth_adaptive,0.05171070000506006
depth_adaptive,short_qa,48,5.308745384216309,202.09651578697515,0.05132020000019111,8,0.33333333333333337,medium,full,full,0.8237485258742852,False,8,0.6666666666666666,56702976,16,medium,False,,,,12.555344581604004,False,What colour is the sky on a clear day?,depth_adaptive,0.05132020000019111
depth_adaptive,short_qa,49,6.026857376098633,414.4106440642488,0.059455099995830096,8,0.33333333333333337,medium,full,full,0.8244486659311875,False,8,0.6666666666666666,56702976,17,medium,False,,,,17.715429306030273,False,What colour do you get by mixing red and white?,depth_adaptive,0.059455099995830096
depth_adaptive,short_qa,50,6.460846424102783,639.6022022380439,0.05310340000141878,8,0.33333333333333337,medium,full,full,0.7011370464520456,False,8,0.6666666666666666,56702976,13,medium,False,,,,15.633606910705566,False,What is the opposite of hot?,depth_adaptive,0.05310340000141878
depth_adaptive,short_qa,51,6.1091532707214355,449.95756158193996,0.04935630000545643,8,0.33333333333333337,medium,full,full,0.7011370464520456,False,8,0.6666666666666666,56702976,13,medium,False,,,,13.900816917419434,False,What is the opposite of ancient?,depth_adaptive,0.04935630000545643
depth_adaptive,short_qa,52,3.9262123107910156,50.714522569363695,0.05311269999947399,8,0.33333333333333337,medium,full,full,0.7450160830335456,False,8,0.6666666666666666,56702976,15,medium,False,,,,10.873320579528809,False,What is the first month of the year?,depth_adaptive,0.05311269999947399
depth_adaptive,short_qa,53,3.3246607780456543,27.789570211277116,0.051645599989569746,8,0.33333333333333337,medium,full,full,0.7067797319011154,False,8,0.6666666666666666,56702976,15,medium,False,,,,8.617897987365723,False,What is the last month of the year?,depth_adaptive,0.051645599989569746
depth_adaptive,short_qa,54,6.864261150360107,957.438175555876,0.056157200000598095,8,0.33333333333333337,medium,full,full,0.8163692909094903,False,8,0.6666666666666666,56702976,12,medium,False,,,,13.60142707824707,False,What season comes after winter?,depth_adaptive,0.056157200000598095
depth_adaptive,short_qa,55,6.879974842071533,972.6018908352952,0.04740519999177195,8,0.33333333333333337,medium,full,full,0.8223014197185884,False,8,0.6666666666666666,56702976,14,medium,False,,,,12.71015739440918,False,What organ pumps blood around the body?,depth_adaptive,0.04740519999177195
depth_adaptive,short_qa,56,6.438057899475098,625.1914353987094,0.049891499991645105,8,0.33333333333333337,medium,full,full,0.8215540695344039,False,8,0.6666666666666666,56702976,14,medium,False,,,,10.425762176513672,False,What organ is used for breathing?,depth_adaptive,0.049891499991645105
depth_adaptive,short_qa,57,5.5747528076171875,263.6843668132376,0.04990209999959916,8,0.33333333333333337,medium,full,full,0.7011370464520456,False,8,0.6666666666666666,56702976,13,medium,False,,,,16.090238571166992,False,What is the hardest natural substance?,depth_adaptive,0.04990209999959916
depth_adaptive,short_qa,58,5.721392631530762,305.3298389735499,0.04555170000821818,8,0.33333333333333337,medium,full,full,0.8190040840966831,False,8,0.6666666666666666,56702976,11,medium,False,,,,12.068151473999023,False,What do bees produce?,depth_adaptive,0.04555170000821818
depth_adaptive,short_qa,59,6.910926342010498,1003.1760961674535,0.05315740000514779,8,0.33333333333333337,medium,full,full,0.7067797319011154,False,8,0.6666666666666666,56702976,16,medium,False,,,,9.122230529785156,False,What is the young of a cat called?,depth_adaptive,0.05315740000514779
routing,short_qa,0,6.108360767364502,449.6011099671154,0.11046100000385195,12,0.0,deep,full,full,,False,12,0.6676044146288682,56724480,13,deep,False,,,,9.07673454284668,False,What is the capital of France?,routing,0.11046100000385195
routing,short_qa,1,6.049655437469482,423.9669217590724,0.09944669999822509,12,0.0,deep,full,full,,False,12,0.6676044146288682,56724480,13,deep,False,,,,9.874520301818848,False,What is the capital of Japan?,routing,0.09944669999822509
routing,short_qa,2,6.215888977050781,500.64084965198896,0.09710110000742134,12,0.0,deep,full,full,,False,12,0.6676044146288682,56724480,13,deep,False,,,,8.905926704406738,False,What is the capital of Italy?,routing,0.09710110000742134
routing,short_qa,3,6.167631149291992,477.05469519411344,0.09906059999775607,12,0.0,deep,full,full,,False,12,0.6676044146288682,56724480,13,deep,False,,,,10.175361633300781,False,What is the capital of Egypt?,routing,0.09906059999775607
routing,short_qa,4,5.955894947052002,386.0222255884898,0.10281989999930374,12,0.0,deep,full,full,,False,12,0.6676044146288682,56724480,13,deep,False,,,,11.280294418334961,False,What is the capital of Canada?,routing,0.10281989999930374
routing,short_qa,5,6.539113521575928,691.6731528560524,0.10446680001041386,12,0.0,deep,full,full,,False,12,0.6676044146288682,56724480,13,deep,False,,,,8.714546203613281,False,What is the capital of Spain?,routing,0.10446680001041386
routing,short_qa,6,6.432245254516602,621.5679607416341,0.097575699997833,12,0.0,deep,full,full,,False,12,0.6676044146288682,56724480,13,deep,False,,,,8.093459129333496,False,What is the capital of Russia?,routing,0.097575699997833
routing,short_qa,7,5.727153301239014,307.09381930379317,0.1015484999952605,12,0.0,deep,full,full,,False,12,0.6676044146288682,56724480,13,deep,False,,,,9.310836791992188,False,What is the capital of Germany?,routing,0.1015484999952605
routing,short_qa,8,6.714822769165039,824.5376204561112,0.09834189999673981,12,0.0,deep,full,full,,False,12,0.6676044146288682,56724480,13,deep,False,,,,10.79761791229248,False,What is the capital of China?,routing,0.09834189999673981
routing,short_qa,9,6.92183780670166,1014.1821536251988,0.10563140000158455,12,0.0,deep,full,full,,False,12,0.6677482154445166,56724480,15,deep,False,,,,8.247653007507324,False,What is the capital of Kenya?,routing,0.10563140000158455
routing,short_qa,10,5.888128757476807,360.72963978065724,0.09832319999986794,12,0.0,deep,full,full,,False,12,0.6678200692041523,56724480,16,deep,False,,,,10.788078308105469,False,What is the largest planet in the solar system?,routing,0.09832319999986794
routing,short_qa,11,5.5299553871154785,252.13266240724593,0.11164370000187773,12,0.0,deep,full,full,,False,12,0.6677482154445166,56724480,15,deep,False,,,,9.489688873291016,False,What is the closest planet to the Sun?,routing,0.11164370000187773
routing,short_qa,12,7.021636486053467,1120.618995364504,0.10022469999967143,12,0.0,deep,full,full,,False,12,0.6677482154445166,56724480,15,deep,False,,,,7.774859428405762,False,Which planet is known as the Red Planet?,routing,0.10022469999967143
routing,short_qa,13,6.278225898742676,532.8425082220094,0.10179760000028182,12,0.0,deep,full,full,,False,12,0.667676330592817,56724480,14,deep,False,,,,7.038750648498535,False,What is the chemical symbol for oxygen?,routing,0.10179760000028182
routing,short_qa,14,6.801388740539551,899.0950347778573,0.10438109999813605,12,0.0,deep,full,full,,False,12,0.667676330592817,56724480,14,deep,False,,,,13.314936637878418,False,What is the chemical symbol for gold?,routing,0.10438109999813605
routing,short_qa,15,6.537105083465576,690.2853642462237,0.10835539999243338,12,0.0,deep,full,full,,False,12,0.667676330592817,56724480,14,deep,False,,,,9.27746295928955,False,What is the chemical symbol for iron?,routing,0.10835539999243338
routing,short_qa,16,7.653732776641846,2108.5014832358765,0.0981651000038255,12,0.0,deep,full,full,,False,12,0.6677482154445166,56724480,15,deep,False,,,,9.2084379196167,False,What gas do plants absorb from the air?,routing,0.0981651000038255
routing,short_qa,17,6.138574600219727,463.39258020122253,0.1012019999907352,12,0.0,deep,full,full,,False,12,0.6678200692041523,56724480,16,deep,False,,,,7.650757312774658,False,What is the freezing point of water in Celsius?,routing,0.1012019999907352
routing,short_qa,18,6.675392150878906,792.6582345583741,0.12688880000496283,12,0.0,deep,full,full,,False,12,0.6678200692041523,56724480,16,deep,False,,,,7.894735336303711,False,What is the boiling point of water in Celsius?,routing,0.12688880000496283
routing,short_qa,19,5.989495277404785,399.2130672144797,0.09861939999973401,12,0.0,deep,full,full,,False,12,0.667676330592817,56724480,14,deep,False,,,,6.069884300231934,False,How many days are in a week?,routing,0.09861939999973401
routing,short_qa,20,5.881929874420166,358.50043535567033,0.10305109999899287,12,0.0,deep,full,full,,False,12,0.667676330592817,56724480,14,deep,False,,,,6.468335151672363,False,How many months are in a year?,routing,0.10305109999899287
routing,short_qa,21,5.9599127769470215,387.5763171737811,0.10326189998886548,12,0.0,deep,full,full,,False,12,0.667676330592817,56724480,14,deep,False,,,,6.959501266479492,False,How many hours are in a day?,routing,0.10326189998886548
routing,short_qa,22,7.122169017791748,1239.1352270844166,0.10995810000167694,12,0.0,deep,full,full,,False,12,0.6675324675324675,56724480,12,deep,False,,,,6.18806791305542,False,How many continents are there?,routing,0.10995810000167694
routing,short_qa,23,7.130350112915039,1249.3142914206783,0.0935172000026796,12,0.0,deep,full,full,,False,12,0.667676330592817,56724480,14,deep,False,,,,6.745309829711914,False,How many legs does a spider have?,routing,0.0935172000026796
routing,short_qa,24,6.274975776672363,531.1135162654823,0.09338439999555703,12,0.0,deep,full,full,,False,12,0.667676330592817,56724480,14,deep,False,,,,5.347635269165039,False,How many sides does a triangle have?,routing,0.09338439999555703
routing,short_qa,25,6.143584728240967,465.72006197436656,0.10692799999378622,12,0.0,deep,full,full,,False,12,0.6677482154445166,56724480,15,deep,False,,,,5.594208240509033,False,How many sides does a hexagon have?,routing,0.10692799999378622
routing,short_qa,26,5.795852184295654,328.93237558235745,0.10584269999526441,12,0.0,deep,full,full,,False,12,0.6679636835278858,56724480,18,deep,False,,,,6.564727783203125,False,How many players are on a soccer team on the field?,routing,0.10584269999526441
routing,short_qa,27,5.769297122955322,320.31251319318994,0.09253989999706391,12,0.0,deep,full,full,,False,12,0.6675324675324675,56724480,12,deep,False,,,,5.521059513092041,False,What is 2 plus 2?,routing,0.09253989999706391
routing,short_qa,28,6.141237258911133,464.62808061043074,0.09191839999402873,12,0.0,deep,full,full,,False,12,0.6675324675324675,56724480,12,deep,False,,,,7.727288246154785,False,What is 5 times 6?,routing,0.09191839999402873
routing,short_qa,29,6.081058025360107,437.491827384901,0.09929829998873174,12,0.0,deep,full,full,,False,12,0.6676044146288682,56724480,13,deep,False,,,,9.184174537658691,False,What is 100 divided by 4?,routing,0.09929829998873174
routing,short_qa,30,6.282188892364502,534.9583494470082,0.1022207000060007,12,0.0,deep,full,full,,False,12,0.667676330592817,56724480,14,deep,False,,,,5.7406463623046875,False,What is the square root of 81?,routing,0.1022207000060007
routing,short_qa,31,6.253872871398926,520.0229116129325,0.09464090000255965,12,0.0,deep,full,full,,False,12,0.6674604892833946,56724480,11,deep,False,,,,8.547584533691406,False,What is 7 squared?,routing,0.09464090000255965
routing,short_qa,32,7.107951641082764,1221.642618920484,0.10217790000024252,12,0.0,deep,full,full,,False,12,0.667676330592817,56724480,14,deep,False,,,,9.639226913452148,False,Who wrote the play Romeo and Juliet?,routing,0.10217790000024252
routing,short_qa,33,6.644938945770264,768.8831026333048,0.09671910000906792,12,0.0,deep,full,full,,False,12,0.6676044146288682,56724480,13,deep,False,,,,8.838899612426758,False,Who developed the theory of relativity?,routing,0.09671910000906792
routing,short_qa,34,6.032405853271484,416.71638281715184,0.10851700000057463,12,0.0,deep,full,full,,False,12,0.6678918918918919,56724480,17,deep,False,,,,11.497917175292969,False,Who was the first person to walk on the Moon?,routing,0.10851700000057463
routing,short_qa,35,7.600751876831055,1999.6988572519595,0.09136500000022352,12,0.0,deep,full,full,,False,12,0.6676044146288682,56724480,13,deep,False,,,,12.594465255737305,False,Who painted the Mona Lisa?,routing,0.09136500000022352
routing,short_qa,36,7.246718883514404,1403.4922635257703,0.11065489999600686,12,0.0,deep,full,full,,False,12,0.667676330592817,56724480,14,deep,False,,,,10.674849510192871,False,What is the largest ocean on Earth?,routing,0.11065489999600686
routing,short_qa,37,6.456265926361084,636.6792052961573,0.10073520000150893,12,0.0,deep,full,full,,False,12,0.667676330592817,56724480,14,deep,False,,,,12.609047889709473,False,What is the longest river in Africa?,routing,0.10073520000150893
routing,short_qa,38,5.566440105438232,261.5015224399779,0.09891980000247713,12,0.0,deep,full,full,,False,12,0.6677482154445166,56724480,15,deep,False,,,,10.442343711853027,False,What is the tallest mountain in the world?,routing,0.09891980000247713
routing,short_qa,39,5.880831241607666,358.10679128883106,0.10063839999202173,12,0.0,deep,full,full,,False,12,0.6677482154445166,56724480,15,deep,False,,,,11.815038681030273,False,What is the largest desert in the world?,routing,0.10063839999202173
routing,short_qa,40,6.758734703063965,861.5513875057297,0.10061409999616444,12,0.0,deep,full,full,,False,12,0.667676330592817,56724480,14,deep,False,,,,8.310172080993652,False,What language is primarily spoken in Brazil?,routing,0.10061409999616444
routing,short_qa,41,7.210970878601074,1354.2063993542927,0.10305130000051577,12,0.0,deep,full,full,,False,12,0.667676330592817,56724480,14,deep,False,,,,6.953029632568359,False,What language is primarily spoken in Austria?,routing,0.10305130000051577
routing,short_qa,42,6.46641206741333,643.1719246423979,0.10230910000973381,12,0.0,deep,full,full,,False,12,0.6676044146288682,56724480,13,deep,False,,,,11.896156311035156,False,What currency is used in Japan?,routing,0.10230910000973381
routing,short_qa,43,6.1524858474731445,469.8839961196563,0.0983769000013126,12,0.0,deep,full,full,,False,12,0.6677482154445166,56724480,15,deep,False,,,,9.921746253967285,False,What currency is used in the United Kingdom?,routing,0.0983769000013126
routing,short_qa,44,6.297427654266357,543.1728830583517,0.09963199999765493,12,0.0,deep,full,full,,False,12,0.667676330592817,56724480,14,deep,False,,,,9.527591705322266,False,What is the currency of India?,routing,0.09963199999765493
routing,short_qa,45,7.165946006774902,1294.5857085538416,0.09962739999173209,12,0.0,deep,full,full,,False,12,0.6678200692041523,56724480,16,deep,False,,,,9.274056434631348,False,In which country is the Eiffel Tower?,routing,0.09962739999173209
routing,short_qa,46,6.545844554901123,696.3445318648677,0.09793069999432191,12,0.0,deep,full,full,,False,12,0.667676330592817,56724480,14,deep,False,,,,9.166952133178711,False,In which country is the Great Wall?,routing,0.09793069999432191
routing,short_qa,47,7.223609447479248,1371.4302433088596,0.10038730000087526,12,0.0,deep,full,full,,False,12,0.6677482154445166,56724480,15,deep,False,,,,8.75072956085205,False,In which country is the Taj Mahal?,routing,0.10038730000087526
routing,short_qa,48,6.035188674926758,417.87764523505405,0.10334059999149758,12,0.0,deep,full,full,,False,12,0.6678200692041523,56724480,16,deep,False,,,,9.195704460144043,False,What colour is the sky on a clear day?,routing,0.10334059999149758
routing,short_qa,49,5.739418029785156,310.8834334261851,0.10345110000343993,12,0.0,deep,full,full,,False,12,0.6678918918918919,56724480,17,deep,False,,,,7.059099197387695,False,What colour do you get by mixing red and white?,routing,0.10345110000343993
routing,short_qa,50,6.054208278656006,425.90157656837835,0.10079060000134632,12,0.0,deep,full,full,,False,12,0.6676044146288682,56724480,13,deep,False,,,,10.751485824584961,False,What is the opposite of hot?,routing,0.10079060000134632
routing,short_qa,51,5.795528411865234,328.82589358656884,0.09647349998704158,12,0.0,deep,full,full,,False,12,0.6676044146288682,56724480,13,deep,False,,,,8.766510009765625,False,What is the opposite of ancient?,routing,0.09647349998704158
routing,short_qa,52,5.102595329284668,164.4481510414213,0.3223314000060782,12,0.0,deep,full,full,,False,12,0.6677482154445166,56724480,15,deep,False,,,,7.785649299621582,False,What is the first month of the year?,routing,0.3223314000060782
routing,short_qa,53,5.111771583557129,165.9641138828124,0.10579329999745823,12,0.0,deep,full,full,,False,12,0.6677482154445166,56724480,15,deep,False,,,,7.702610015869141,False,What is the last month of the year?,routing,0.10579329999745823
routing,short_qa,54,7.450657367706299,1720.9940995525958,0.10009239999635611,12,0.0,deep,full,full,,False,12,0.6675324675324675,56724480,12,deep,False,,,,9.166727066040039,False,What season comes after winter?,routing,0.10009239999635611
routing,short_qa,55,6.640902996063232,765.7861828105973,0.09859480000159238,12,0.0,deep,full,full,,False,12,0.667676330592817,56724480,14,deep,False,,,,8.00047492980957,False,What organ pumps blood around the body?,routing,0.09859480000159238
routing,short_qa,56,6.126709461212158,457.9268527526726,0.10133679999853484,12,0.0,deep,full,full,,False,12,0.667676330592817,56724480,14,deep,False,,,,7.766063213348389,False,What organ is used for breathing?,routing,0.10133679999853484
routing,short_qa,57,6.084993839263916,439.2171067640711,0.09896499999740627,12,0.0,deep,full,full,,False,12,0.6676044146288682,56724480,13,deep,False,,,,10.112662315368652,False,What is the hardest natural substance?,routing,0.09896499999740627
routing,short_qa,58,6.912909030914307,1005.1670553560222,0.10380979999899864,12,0.0,deep,full,full,,False,12,0.6674604892833946,56724480,11,deep,False,,,,7.878100395202637,False,What do bees produce?,routing,0.10380979999899864
routing,short_qa,59,6.382247447967529,591.2550304718199,0.10694290000537876,12,0.0,deep,full,full,,False,12,0.6678200692041523,56724480,16,deep,False,,,,8.027472496032715,False,What is the young of a cat called?,routing,0.10694290000537876
msa,short_qa,0,9.63308334350586,15261.419836113504,0.05061189999105409,8,0.33333333333333337,medium,reduced,partial,0.7011370464520456,False,8,0.3333333333333333,28369920,13,medium,False,STABLE,0.0,1.0,19.235322952270508,False,What is the capital of France?,msa,0.05061189999105409
msa,short_qa,1,9.01023006439209,8186.404458474651,0.04327670000202488,8,0.33333333333333337,medium,reduced,partial,0.7011370464520456,False,8,0.3333333333333333,28369920,13,medium,False,STABLE,0.0,1.0,16.617584228515625,False,What is the capital of Japan?,msa,0.04327670000202488
msa,short_qa,2,9.482824325561523,13132.223862324685,0.04924140000366606,8,0.33333333333333337,medium,reduced,partial,0.7011370464520456,False,8,0.3333333333333333,28369920,13,medium,False,STABLE,0.0,1.0,18.969253540039062,False,What is the capital of Italy?,msa,0.04924140000366606
msa,short_qa,3,9.330179214477539,11273.151616477871,0.048107700000400655,8,0.33333333333333337,medium,reduced,partial,0.7011370464520456,False,8,0.3333333333333333,28369920,13,medium,False,STABLE,0.0,1.0,17.71763038635254,False,What is the capital of Egypt?,msa,0.048107700000400655
msa,short_qa,4,8.818075180053711,6755.249464455616,0.04026140000496525,8,0.33333333333333337,medium,reduced,partial,0.7011370464520456,False,8,0.3333333333333333,28369920,13,medium,False,STABLE,0.0,1.0,15.872867584228516,False,What is the capital of Canada?,msa,0.04026140000496525
msa,short_qa,5,9.898036003112793,19891.265666123916,0.045741699999780394,8,0.33333333333333337,medium,reduced,partial,0.7011370464520456,False,8,0.3333333333333333,28369920,13,medium,False,STABLE,0.0,1.0,21.59786605834961,False,What is the capital of Spain?,msa,0.045741699999780394
msa,short_qa,6,9.151806831359863,9431.466061507035,0.04601679999905173,8,0.33333333333333337,medium,reduced,partial,0.7011370464520456,False,8,0.3333333333333333,28369920,13,medium,False,STABLE,0.0,1.0,16.930145263671875,False,What is the capital of Russia?,msa,0.04601679999905173
msa,short_qa,7,9.260726928710938,10516.775508521776,0.04913050000322983,8,0.33333333333333337,medium,reduced,partial,0.7011370464520456,False,8,0.3333333333333333,28369920,13,medium,False,STABLE,0.0,1.0,17.444366455078125,False,What is the capital of Germany?,msa,0.04913050000322983
msa,short_qa,8,8.611249923706055,5493.110357474901,0.045308999993721955,8,0.33333333333333337,medium,reduced,partial,0.7011370464520456,False,8,0.3333333333333333,28369920,13,medium,False,STABLE,0.0,1.0,15.471294403076172,False,What is the capital of China?,msa,0.045308999993721955
msa,short_qa,9,9.19538402557373,9851.549442218598,0.05787190000410192,8,0.33333333333333337,medium,reduced,partial,0.7011370464520456,False,8,0.3333333333333333,28369920,15,medium,False,STABLE,0.0,1.0,10.225082397460938,False,What is the capital of Kenya?,msa,0.05787190000410192
msa,short_qa,10,8.047405242919922,3125.6740750318286,0.04533529999025632,8,0.33333333333333337,medium,reduced,partial,0.7095196152280409,False,8,0.3333333333333333,28369920,16,medium,False,STABLE,0.0,1.0,22.89021873474121,False,What is the largest planet in the solar system?,msa,0.04533529999025632
msa,short_qa,11,8.416400909423828,4520.604077783482,0.03123320000304375,8,0.33333333333333337,medium,reduced,partial,0.7067797319011154,False,8,0.3333333333333333,28369920,15,medium,False,STABLE,0.0,1.0,19.336423873901367,False,What is the closest planet to the Sun?,msa,0.03123320000304375
msa,short_qa,12,9.515995979309082,13575.147079228555,0.026719100002082996,8,0.33333333333333337,medium,reduced,partial,0.7067797319011154,False,8,0.3333333333333333,28369920,15,medium,False,STABLE,0.0,1.0,15.589007377624512,False,Which planet is known as the Red Planet?,msa,0.026719100002082996
msa,short_qa,13,8.690204620361328,5944.398463235565,0.02710510000179056,8,0.33333333333333337,medium,reduced,partial,0.7039857207770905,False,8,0.3333333333333333,28369920,14,medium,False,STABLE,0.0,1.0,7.439406871795654,False,What is the chemical symbol for oxygen?,msa,0.02710510000179056
msa,short_qa,14,9.457725524902344,12806.722724744204,0.027798700000857934,8,0.33333333333333337,medium,reduced,partial,0.7039857207770905,False,8,0.3333333333333333,28369920,14,medium,False,STABLE,0.0,1.0,20.95838165283203,False,What is the chemical symbol for gold?,msa,0.027798700000857934
msa,short_qa,15,9.218894004821777,10085.903196903537,0.029856400011340156,8,0.33333333333333337,medium,reduced,partial,0.7039857207770905,False,8,0.3333333333333333,28369920,14,medium,False,STABLE,0.0,1.0,19.738718032836914,False,What is the chemical symbol for iron?,msa,0.029856400011340156
msa,short_qa,16,10.307644844055176,29960.791146909272,0.026659199997084215,8,0.33333333333333337,medium,reduced,partial,0.8230328409537006,False,8,0.3333333333333333,28369920,15,medium,False,STABLE,0.0,1.0,19.129112243652344,False,What gas do plants absorb from the air?,msa,0.026659199997084215
msa,short_qa,17,9.529500007629395,13759.709613978888,0.0449471000029007,8,0.33333333333333337,medium,reduced,partial,0.7095196152280409,False,8,0.3333333333333333,28369920,16,medium,False,STABLE,0.0,1.0,7.6472015380859375,False,What is the freezing point of water in Celsius?,msa,0.0449471000029007
msa,short_qa,18,9.370687484741211,11739.18282299773,0.04306920000817627,8,0.33333333333333337,medium,reduced,partial,0.7095196152280409,False,8,0.3333333333333333,28369920,16,medium,False,STABLE,0.0,1.0,6.79109525680542,False,What is the boiling point of water in Celsius?,msa,0.04306920000817627
msa,short_qa,19,7.34929084777832,1555.0933388227706,0.04653829999733716,8,0.33333333333333337,medium,reduced,partial,0.5440867421577419,False,8,0.3333333333333333,28369920,14,medium,False,STABLE,0.0,1.0,7.527423858642578,False,How many days are in a week?,msa,0.04653829999733716
msa,short_qa,20,7.5192999839782715,1843.276519228531,0.043323800011421554,8,0.33333333333333337,medium,reduced,partial,0.5440867421577419,False,8,0.3333333333333333,28369920,14,medium,False,STABLE,0.0,1.0,6.8941450119018555,False,How many months are in a year?,msa,0.043323800011421554
msa,short_qa,21,7.470242977142334,1755.0330666918633,0.04584959999192506,8,0.33333333333333337,medium,reduced,partial,0.5440867421577419,False,8,0.3333333333333333,28369920,14,medium,False,STABLE,0.0,1.0,6.347618103027344,False,How many hours are in a day?,msa,0.04584959999192506
msa,short_qa,22,8.87818717956543,7173.774176603062,0.04243359999964014,8,0.33333333333333337,medium,reduced,partial,0.5341666205181964,False,8,0.3333333333333333,28369920,12,medium,False,STABLE,0.0,1.0,7.782375335693359,False,How many continents are there?,msa,0.04243359999964014
msa,short_qa,23,9.30458927154541,10988.332109959614,0.04444030000013299,8,0.33333333333333337,medium,reduced,partial,0.5440867421577419,False,8,0.3333333333333333,28369920,14,medium,False,STABLE,0.0,1.0,6.180544853210449,False,How many legs does a spider have?,msa,0.04444030000013299
msa,short_qa,24,10.327898025512695,30573.779010450424,0.043577700009336695,8,0.33333333333333337,medium,reduced,partial,0.5440867421577419,False,8,0.3333333333333333,28369920,14,medium,False,STABLE,0.0,1.0,9.305801391601562,False,How many sides does a triangle have?,msa,0.043577700009336695
msa,short_qa,25,9.904463768005371,20019.533842453144,0.04334179998841137,8,0.33333333333333337,medium,reduced,partial,0.5440867421577419,False,8,0.3333333333333333,28369920,15,medium,False,STABLE,0.0,1.0,9.561476707458496,False,How many sides does a hexagon have?,msa,0.04334179998841137
msa,short_qa,26,8.094250679016113,3275.581465463172,0.0497478999895975,8,0.33333333333333337,medium,reduced,partial,0.5627790248888356,False,8,0.3333333333333333,28369920,18,medium,False,STABLE,0.0,1.0,6.6880574226379395,False,How many players are on a soccer team on the field?,msa,0.0497478999895975
msa,short_qa,27,7.765825271606445,2358.6041746091223,0.028427900004317053,4,0.6666666666666667,shallow,reduced,partial,0.5698061885339285,False,4,0.16666666666666666,14184960,12,shallow,False,STABLE,0.2,0.8,6.098402976989746,False,What is 2 plus 2?,msa,0.028427900004317053
msa,short_qa,28,7.38731575012207,1615.3642469314134,0.02634730000863783,4,0.6666666666666667,shallow,reduced,partial,0.5698061885339285,False,4,0.16666666666666666,14184960,12,shallow,False,STABLE,0.2,0.8,6.898921489715576,False,What is 5 times 6?,msa,0.02634730000863783
msa,short_qa,29,7.626184463500977,2051.208608442176,0.030870700007653795,4,0.6666666666666667,shallow,reduced,partial,0.8266965061437526,False,4,0.16666666666666666,14184960,13,shallow,False,STABLE,0.2,0.8,5.827285289764404,False,What is 100 divided by 4?,msa,0.030870700007653795
msa,short_qa,30,8.301226615905762,4028.8111680736192,0.043690399994375184,8,0.33333333333333337,medium,reduced,partial,0.5561725490132504,False,8,0.3333333333333333,28369920,14,medium,False,STABLE,0.4,0.6,8.340785026550293,False,What is the square root of 81?,msa,0.043690399994375184
msa,short_qa,31,8.926413536071777,7528.217222117733,0.027352900011464953,4,0.6666666666666667,shallow,reduced,partial,0.5813507912075115,False,4,0.16666666666666666,14184960,11,shallow,False,WARNING,0.6,0.4,7.884354114532471,False,What is 7 squared?,msa,0.027352900011464953
msa,short_qa,32,9.874273300170898,19424.167169717304,0.06208629999309778,8,0.33333333333333337,medium,reduced,partial,0.7039857207770905,False,8,0.3333333333333333,28369920,14,medium,False,WARNING,0.6,0.4,14.790209770202637,False,Who wrote the play Romeo and Juliet?,msa,0.06208629999309778
msa,short_qa,33,11.142638206481934,69053.59398338078,0.04320420000294689,8,0.33333333333333337,medium,reduced,partial,0.7011370464520456,False,8,0.3333333333333333,28369920,13,medium,False,WARNING,0.6,0.4,20.0919189453125,False,Who developed the theory of relativity?,msa,0.04320420000294689
msa,short_qa,34,8.540864944458008,5119.770764425093,0.04247899999609217,8,0.33333333333333337,medium,reduced,partial,0.7419083093084068,False,8,0.3333333333333333,28369920,17,medium,False,WARNING,0.6,0.4,13.951154708862305,False,Who was the first person to walk on the Moon?,msa,0.04247899999609217
msa,short_qa,35,10.556170463562012,38413.73909673241,0.04520960000809282,8,0.33333333333333337,medium,reduced,partial,0.6982331940972664,False,8,0.3333333333333333,28369920,13,medium,False,STABLE,0.4,0.6,22.96560287475586,False,Who painted the Mona Lisa?,msa,0.04520960000809282
msa,short_qa,36,8.962310791015625,7803.368598227484,0.045073600005707704,8,0.33333333333333337,medium,reduced,partial,0.7039857207770905,False,8,0.3333333333333333,28369920,14,medium,False,STABLE,0.2,0.8,17.328224182128906,False,What is the largest ocean on Earth?,msa,0.045073600005707704
msa,short_qa,37,9.555662155151367,14124.443473770127,0.04216750001069158,8,0.33333333333333337,medium,reduced,partial,0.7039857207770905,False,8,0.3333333333333333,28369920,14,medium,False,STABLE,0.0,1.0,18.476299285888672,False,What is the longest river in Africa?,msa,0.04216750001069158
msa,short_qa,38,9.37459659576416,11785.162403061437,0.0458403999946313,8,0.33333333333333337,medium,reduced,partial,0.7067797319011154,False,8,0.3333333333333333,28369920,15,medium,False,STABLE,0.0,1.0,22.260339736938477,False,What is the tallest mountain in the world?,msa,0.0458403999946313
msa,short_qa,39,7.750320911407471,2322.3175532375226,0.059649399991030805,8,0.33333333333333337,medium,reduced,partial,0.7067797319011154,False,8,0.3333333333333333,28369920,15,medium,False,STABLE,0.0,1.0,15.291351318359375,False,What is the largest desert in the world?,msa,0.059649399991030805
msa,short_qa,40,10.008797645568848,22221.101747690944,0.0433469999989029,8,0.33333333333333337,medium,reduced,partial,0.8223014197185884,False,8,0.3333333333333333,28369920,14,medium,False,STABLE,0.0,1.0,22.30963897705078,False,What language is primarily spoken in Brazil?,msa,0.0433469999989029
msa,short_qa,41,9.720033645629883,16647.804845903,0.04537269999855198,8,0.33333333333333337,medium,reduced,partial,0.8223014197185884,False,8,0.3333333333333333,28369920,14,medium,False,STABLE,0.0,1.0,16.796640396118164,False,What language is primarily spoken in Austria?,msa,0.04537269999855198
msa,short_qa,42,10.483384132385254,35717.07455874518,0.0425729999988107,8,0.33333333333333337,medium,reduced,partial,0.8215540695344039,False,8,0.3333333333333333,28369920,13,medium,False,STABLE,0.0,1.0,27.833086013793945,False,What currency is used in Japan?,msa,0.0425729999988107
msa,short_qa,43,9.551318168640137,14063.22015475218,0.04284890000417363,8,0.33333333333333337,medium,reduced,partial,0.8230328409537006,False,8,0.3333333333333333,28369920,15,medium,False,STABLE,0.0,1.0,23.694835662841797,False,What currency is used in the United Kingdom?,msa,0.04284890000417363
msa,short_qa,44,9.692163467407227,16190.23347339191,0.046384400004171766,8,0.33333333333333337,medium,reduced,partial,0.7011370464520456,False,8,0.3333333333333333,28369920,14,medium,False,STABLE,0.0,1.0,17.01008415222168,False,What is the currency of India?,msa,0.046384400004171766
msa,short_qa,45,10.833189964294434,50675.100994069886,0.04388620000099763,8,0.33333333333333337,medium,reduced,partial,0.7039857207770905,False,8,0.3333333333333333,28369920,16,medium,False,STABLE,0.0,1.0,21.90751838684082,False,In which country is the Eiffel Tower?,msa,0.04388620000099763
msa,short_qa,46,9.639039039611816,15352.583416626961,0.046691800002008677,8,0.33333333333333337,medium,reduced,partial,0.7039857207770905,False,8,0.3333333333333333,28369920,14,medium,False,STABLE,0.0,1.0,14.90177059173584,False,In which country is the Great Wall?,msa,0.046691800002008677
msa,short_qa,47,9.077485084533691,8755.917920685763,0.045102400006726384,8,0.33333333333333337,medium,reduced,partial,0.7039857207770905,False,8,0.3333333333333333,28369920,15,medium,False,STABLE,0.0,1.0,14.417512893676758,False,In which country is the Taj Mahal?,msa,0.045102400006726384
msa,short_qa,48,7.8894877433776855,2669.076318405486,0.045700999995460734,8,0.33333333333333337,medium,reduced,partial,0.8237485258742852,False,8,0.3333333333333333,28369920,16,medium,False,STABLE,0.0,1.0,11.749565124511719,False,What colour is the sky on a clear day?,msa,0.045700999995460734
msa,short_qa,49,9.765613555908203,17424.16920067621,0.04510709999885876,8,0.33333333333333337,medium,reduced,partial,0.8244486659311875,False,8,0.3333333333333333,28369920,17,medium,False,STABLE,0.0,1.0,17.152910232543945,False,What colour do you get by mixing red and white?,msa,0.04510709999885876
msa,short_qa,50,9.10410213470459,8992.103971240575,0.04326530000253115,8,0.33333333333333337,medium,reduced,partial,0.7011370464520456,False,8,0.3333333333333333,28369920,13,medium,False,STABLE,0.0,1.0,17.034088134765625,False,What is the opposite of hot?,msa,0.04326530000253115
msa,short_qa,51,9.075586318969727,8739.308259173964,0.04494870000053197,8,0.33333333333333337,medium,reduced,partial,0.7011370464520456,False,8,0.3333333333333333,28369920,13,medium,False,STABLE,0.0,1.0,15.186088562011719,False,What is the opposite of ancient?,msa,0.04494870000053197
msa,short_qa,52,6.846837043762207,940.9001691263076,0.04289719999360386,8,0.33333333333333337,medium,reduced,partial,0.7450160830335456,False,8,0.3333333333333333,28369920,15,medium,False,STABLE,0.0,1.0,10.398280143737793,False,What is the first month of the year?,msa,0.04289719999360386
msa,short_qa,53,6.962438106536865,1056.2055622427172,0.04189880000194535,8,0.33333333333333337,medium,reduced,partial,0.7067797319011154,False,8,0.3333333333333333,28369920,15,medium,False,STABLE,0.0,1.0,11.984223365783691,False,What is the last month of the year?,msa,0.04189880000194535
msa,short_qa,54,9.49307632446289,13267.547892588393,0.04147699999157339,8,0.33333333333333337,medium,reduced,partial,0.8163692909094903,False,8,0.3333333333333333,28369920,12,medium,False,STABLE,0.0,1.0,15.481844902038574,False,What season comes after winter?,msa,0.04147699999157339
msa,short_qa,55,9.619820594787598,15060.34779112755,0.0450317999930121,8,0.33333333333333337,medium,reduced,partial,0.8223014197185884,False,8,0.3333333333333333,28369920,14,medium,False,STABLE,0.0,1.0,14.542475700378418,False,What organ pumps blood around the body?,msa,0.0450317999930121
msa,short_qa,56,10.275603294372559,29016.017798704805,0.14753099999506958,8,0.33333333333333337,medium,reduced,partial,0.8215540695344039,False,8,0.3333333333333333,28369920,14,medium,False,STABLE,0.0,1.0,15.456918716430664,False,What organ is used for breathing?,msa,0.14753099999506958
msa,short_qa,57,8.604870796203613,5458.180635146066,0.04187919999822043,8,0.33333333333333337,medium,reduced,partial,0.7011370464520456,False,8,0.3333333333333333,28369920,13,medium,False,STABLE,0.0,1.0,13.208741188049316,False,What is the hardest natural substance?,msa,0.04187919999822043
msa,short_qa,58,10.58681869506836,39609.27928091641,0.04270160000305623,8,0.33333333333333337,medium,reduced,partial,0.8190040840966831,False,8,0.3333333333333333,28369920,11,medium,False,STABLE,0.0,1.0,17.066049575805664,False,What do bees produce?,msa,0.04270160000305623
msa,short_qa,59,9.043136596679688,8460.27194328254,0.04422550000890624,8,0.33333333333333337,medium,reduced,partial,0.7067797319011154,False,8,0.3333333333333333,28369920,16,medium,False,STABLE,0.0,1.0,13.642080307006836,False,What is the young of a cat called?,msa,0.04422550000890624
